sample,division,contrast_adjustment,kurtosis,mean,std,variation coefficient
RJS749D_T012329H_LIMPA_P_58500nm,2,True,0.1269278229991023,1.376667673861397,0.4097121323207108,0.643541461198579
RJS749D_T012329H_LIMPA_P_58500nm,3,True,0.4159255752549703,2.2452255322410624,1.2544732428022667,1.729271751356827
RJS749D_T012329H_LIMPA_P_58500nm,4,True,0.558184513393994,2.4499761277149052,1.7363825993302116,2.163712257565774
RJS749D_T012329H_LIMPA_P_58500nm,5,True,0.14034774474573677,2.518233116849925,1.8323709296135153,2.2161467333637055
RJS749D_T012329H_LIMPA_P_58500nm,6,True,0.17381529315798688,2.5923483297220735,2.01405599012028,2.3917521739168692
RJS749D_T012329H_LIMPA_P_58500nm,7,True,0.013557392534563513,2.6196046747110038,2.123434108166957,2.4472475590144125
RJS749D_T012329H_LIMPA_P_58500nm,8,True,0.13071180528722123,2.6770161552559735,2.1950860033765958,2.5309938603616677
RJS749D_T012329H_LIMPA_P_58500nm,9,True,0.025435167347324407,2.70530269941841,2.252639604994395,2.5673460510713686
RJS749D_T012329H_LIMPA_P_58500nm,10,True,0.11448086814392898,2.7458413167019358,2.3364772063032975,2.6389377439370354
