sample,division,contrast_adjustment,mean_rank,std_rank,kurtosis_rank,variation coefficient_rank
RJS749D_T012329H_LIMPA_P_58500nm,2,True,55.56231003039513,37.20364741641337,14.204660587639312,56.61600810536981
RJS749D_T012329H_LIMPA_P_58500nm,3,True,82.45187436676798,71.83383991894631,33.25227963525836,87.76089159067882
RJS749D_T012329H_LIMPA_P_58500nm,4,True,86.68693009118542,82.31003039513678,33.83991894630192,93.71833839918946
RJS749D_T012329H_LIMPA_P_58500nm,5,True,87.39614994934144,79.3920972644377,33.53596757852077,91.99594731509625
RJS749D_T012329H_LIMPA_P_58500nm,6,True,88.79432624113474,83.72847011144884,33.27254305977711,94.8936170212766
RJS749D_T012329H_LIMPA_P_58500nm,7,True,88.99696048632218,85.9371833839919,44.680851063829785,94.95440729483283
RJS749D_T012329H_LIMPA_P_58500nm,8,True,90.84093211752786,86.78824721377913,38.358662613981764,95.60283687943263
RJS749D_T012329H_LIMPA_P_58500nm,9,True,91.71225937183384,88.10536980749747,39.55420466058764,95.62310030395138
RJS749D_T012329H_LIMPA_P_58500nm,10,True,92.62411347517731,90.8611955420466,54.123606889564336,96.41337386018238
