sample,division,contrast_adjustment,kurtosis,mean,std,variation coefficient
RJS749_T012338V_LIMPA_P_58500nm,2,True,0.30144495678523486,1.2773862040161685,0.9463425743893865,1.1640719971973081
RJS749_T012338V_LIMPA_P_58500nm,3,True,0.5606893353613165,1.9541385423976014,1.7834990923982788,2.010715027911648
RJS749_T012338V_LIMPA_P_58500nm,4,True,0.7965356772123886,2.203498552124615,2.045933522015992,2.298263720553913
RJS749_T012338V_LIMPA_P_58500nm,5,True,0.24147953414743067,2.3553422620044215,2.255012771634447,2.458847671087863
RJS749_T012338V_LIMPA_P_58500nm,6,True,0.25720073138116617,2.4040677141486118,2.3192962353458326,2.524464438564322
RJS749_T012338V_LIMPA_P_58500nm,7,True,0.015938625520018266,2.4366513819290647,2.3436423716947563,2.5342675485648742
RJS749_T012338V_LIMPA_P_58500nm,8,True,0.19976859043201214,2.4536800282010507,2.351126688977513,2.544322050050631
RJS749_T012338V_LIMPA_P_58500nm,9,True,0.03914163350429614,2.4747138077521127,2.413222960232326,2.601986718539088
RJS749_T012338V_LIMPA_P_58500nm,10,True,0.11613673545642349,2.505670877712495,2.425402177008997,2.615624172239643
