sample,division,contrast_adjustment,mean_rank,std_rank,kurtosis_rank,variation coefficient_rank
RJS749_T012338V_LIMPA_P_58500nm,2,True,49.70618034447822,77.81155015197568,40.283687943262414,83.78926038500506
RJS749_T012338V_LIMPA_P_58500nm,3,True,67.8419452887538,91.71225937183384,45.876393110435664,94.40729483282675
RJS749_T012338V_LIMPA_P_58500nm,4,True,73.69807497467072,93.69807497467072,50.33434650455927,96.37284701114488
RJS749_T012338V_LIMPA_P_58500nm,5,True,78.19655521783181,95.62310030395138,58.80445795339412,97.12259371833841
RJS749_T012338V_LIMPA_P_58500nm,6,True,78.03444782168187,95.74468085106383,51.95542046605877,97.00101317122594
RJS749_T012338V_LIMPA_P_58500nm,7,True,78.13576494427559,94.97467071935158,52.25937183383992,96.4336372847011
RJS749_T012338V_LIMPA_P_58500nm,8,True,77.79128672745695,93.88044579533941,57.95339412360689,95.80547112462006
RJS749_T012338V_LIMPA_P_58500nm,9,True,78.2370820668693,94.63019250253294,59.57446808510638,96.2917933130699
RJS749_T012338V_LIMPA_P_58500nm,10,True,79.25025329280648,94.22492401215806,54.751773049645394,96.02836879432624
